system:index,RdEVI,RdNBR,RdNBR2,RdNDVI,aspect,date,elev,focal_mean_evi_1,focal_mean_evi_2,focal_mean_evi_3,focal_mean_evi_4,focal_mean_ndvi_1,focal_mean_ndvi_2,focal_mean_ndvi_3,focal_mean_ndvi_4,focal_mean_ndwi_1,focal_mean_ndwi_2,focal_mean_ndwi_3,focal_mean_ndwi_4,het_evi_1,het_evi_2,het_evi_3,het_evi_4,het_ndvi_1,het_ndvi_2,het_ndvi_3,het_ndvi_4,het_ndwi_1,het_ndwi_2,het_ndwi_3,het_ndwi_4,julian_day,lat,lon,median_evi,median_ndvi,median_ndwi,satellite,slope,.geo
0000343d391393165adf_0,12.560024521525692,10.632262788978313,5.231459905297534,5.990255695235066,347,1279350000000,1903,1.818821181363767,1.6753805339166843,1.6249289580276625,1.5997601303940083,0.6072084307670593,0.5623816251754761,0.535024106502533,0.5221271514892578,0.23627495765686035,0.17928993701934814,0.14483623206615448,0.12131661176681519,0.23742502323608733,0.36718574317183533,0.4127028779447288,0.40860323857213077,0.06287536884821068,0.11848800634970848,0.14647859994562593,0.14656969607161066,0.10986870164797552,0.16729766628205808,0.19297645790382617,0.19378560474959203,197,36.79908137207835,-118.76235604195602,2.0116944004868214,0.6613402366638184,0.36304545402526855,5,28,
0000343d391393165adf_1,14.210393069262814,10.708084043700755,3.9377231606950263,6.092650432008886,75,1279350000000,2233,1.581818937217462,1.5393643735008269,1.5289209113027022,1.5208979158904632,0.5968705415725708,0.5783437490463257,0.5744020938873291,0.5659052729606628,0.18812912702560425,0.1792054921388626,0.17852866649627686,0.1888643205165863,0.1200419725680076,0.19193130699470057,0.20847782340669052,0.29064300622747097,0.02868502904855252,0.044679604430294007,0.05160805073580879,0.07439035656391409,0.04358599646070883,0.06633041960707314,0.0748013611493149,0.10725173394885681,197,36.769167473117164,-118.70010279276654,1.63542562338779,0.6210200786590576,0.2094006985425949,5,14,
0000343d391393165adf_3,8.316136867443344,7.350033622032751,5.02715592039116,3.946528756177148,352,1279350000000,1479,1.9528460800208727,1.988226917413051,1.9230865862242799,1.8739066725244522,0.6693234443664551,0.6726691126823425,0.6651678681373596,0.6527470350265503,0.2598556578159332,0.26977211236953735,0.2650764584541321,0.25126662850379944,0.21335353995330295,0.2941850328882143,0.32792937579022324,0.33846325823890744,0.033786101473232015,0.06059733756527368,0.0779610630975274,0.07936483201968676,0.05574998113521756,0.0843229171290687,0.09349380061206143,0.09397569423595618,197,36.78857108325415,-118.6771957530215,2.027835288704854,0.6705882549285889,0.2547680139541626,5,8,
0000343d391393165adf_4,22.861871538170128,14.419996674592525,5.910924577599698,9.276830824718738,310,1279350000000,2056,1.7777222551204723,1.8559551214138543,1.8556404614509479,1.8809169289882852,0.630858302116394,0.6592839956283569,0.6686707735061646,0.6784274578094482,0.2785894274711609,0.34270018339157104,0.3652317523956299,0.38767361640930176,0.2298640981573296,0.24377261888965146,0.23392923803230173,0.24277827131517293,0.06269865020553698,0.049690539469598796,0.044845810059332344,0.04230205764298161,0.11503136718423435,0.12850095539477951,0.11775802628733714,0.11038217602450426,197,36.79072703993604,-118.77286633078023,1.86979075077235,0.6139217019081116,0.1885966658592224,5,27,
0000343d391393165adf_5,27.359848084573805,16.29559996416818,8.01987322522804,12.152287228498633,27,1279350000000,1890,1.9350203517146,1.910077088137744,1.857853691235846,1.8202187186057264,0.6817531585693359,0.6833122968673706,0.6751962900161743,0.6666909456253052,0.3914249539375305,0.37352877855300903,0.34377357363700867,0.32332944869995117,0.14123389140878514,0.16594405554285213,0.1847173323082091,0.21406032648194237,0.02038168870891669,0.020716417884832142,0.025601302137265237,0.03610000953522175,0.03895081339879345,0.04438139068129808,0.059434009225683176,0.08140490545016814,197,36.789918556180325,-118.7456473776714,2.0044584804012633,0.6798350811004639,0.37798792123794556,5,22,
0000343d391393165adf_6,9.192325014783677,6.184268131346083,3.852073237020726,3.6043264644036035,337,1279350000000,2169,1.7745882731554872,1.7182698198587127,1.7298999482406954,1.7268839953784663,0.6387635469436646,0.6267952919006348,0.6182472705841064,0.6238574385643005,0.25297078490257263,0.24957230687141418,0.2570608854293823,0.27263787388801575,0.15116254885202274,0.23595932685848137,0.28824908485489986,0.29472712468467627,0.02458298033024641,0.05037573713022836,0.06894296833774374,0.07198155612677044,0.042139653480129796,0.09385534670507875,0.12244932840960271,0.1260522594635528,197,36.788301588668915,-118.77367481453594,1.6874830568372148,0.626091718673706,0.2180444598197937,5,40,
0000343d391393165adf_7,9.009373341785825,13.34927931445117,6.77312754753395,4.703805719034036,164,1279350000000,2224,1.1123242007902459,1.1099216104875826,1.0996249471343233,1.0821833470257287,0.4608721137046814,0.45738664269447327,0.4426436424255371,0.4298856258392334,0.021454082801938057,0.027031591162085533,0.01686648279428482,0.006819407921284437,0.08966228472273063,0.14131083612699918,0.17065043275252675,0.2063560242130255,0.027202071484080104,0.04833225083008144,0.06192608610974421,0.06987030747054976,0.02687221502613639,0.04835100828449425,0.057746634344857675,0.06525748823602154,197,36.781833718623254,-118.70145026569273,1.2836133115064476,0.5154443979263306,0.0987115204334259,5,16,
0000343d391393165adf_8,4.558161678543102,5.429388770446026,5.507399484393146,3.363599531247306,305,1279350000000,2192,1.7957182976449384,1.8203841820206725,1.8522369982629414,1.8671343470989266,0.6218447685241699,0.6451292634010315,0.652634859085083,0.655175507068634,0.27199095487594604,0.3027421236038208,0.33142566680908203,0.3496636152267456,0.19011485754340723,0.18369924840574417,0.2533417016310393,0.2957471325319958,0.04441975024264841,0.04754952685942303,0.0721442435048936,0.09221114289614263,0.08482219600772403,0.10666068297195017,0.13618345243036853,0.14862360634173005,197,36.79180501827698,-118.76693744990504,1.8880463008411559,0.641570508480072,0.2989373803138733,5,30,
0000343d391393165adf_9,28.870604081044203,16.371762443673813,6.611282864014051,12.455563121192858,357,1279350000000,1952,1.8399239837563166,1.7364425342505854,1.6675260766654312,1.6187457512131518,0.6558575630187988,0.6356068849563599,0.6147444248199463,0.5969500541687012,0.32485195994377136,0.28348004817962646,0.2479856163263321,0.22510893642902374,0.11609853883012419,0.1625086931569679,0.21469507843346586,0.24877632672450437,0.014693416893585179,0.03579994277108915,0.057134019723274844,0.0728245261048468,0.03311282540077307,0.05903080345881073,0.09238069459841687,0.11218826633895267,197,36.79342198578839,-118.70710965198268,1.8682505399568035,0.6668094396591187,0.3340708017349243,5,20,
0000343d391393165adf_10,16.980950390984738,12.355824092083907,6.867816803872773,7.721055279005541,352,1279350000000,1840,1.788627168706995,1.768614783595366,1.7648847376722978,1.7861142694173744,0.6204761266708374,0.630791962146759,0.632374107837677,0.6320309638977051,0.23300620913505554,0.24468930065631866,0.2536261975765228,0.25290921330451965,0.12886160750896772,0.17699970055824418,0.1797181403668802,0.18716894525488995,0.014431558453801032,0.026782167759121664,0.032773228437703535,0.0358428538852122,0.04150217029659436,0.05104624292125339,0.0619588375474893,0.06552012679305842,197,36.79369148037363,-118.72786073504584,1.795252225519288,0.6294947862625122,0.25365719199180603,5,31,
0000343d391393165adf_11,6.198605035271343,4.9302576384809536,2.0329260379023646,1.6072079038392608,24,1279350000000,2383,1.7939659405898836,1.733013836804247,1.67648656763099,1.6602756470858742,0.6468853950500488,0.6386386156082153,0.6253215074539185,0.6183592081069946,0.2344440370798111,0.2246118187904358,0.2055216133594513,0.20481708645820618,0.15619995361216724,0.18592155266556631,0.19224384648767595,0.21062006234381792,0.019147195055306716,0.02821009351190435,0.04155934318636242,0.053446876540335156,0.030371282383864766,0.048050893820398816,0.06586512542079888,0.08113470056891683,197,36.76835898936146,-118.73837102387003,1.8172995841582584,0.6624451875686646,0.23827576637268066,5,19,
0000343d391393165adf_12,9.385573257907245,7.597871391082672,4.050721583443067,5.059753259594134,342,1279350000000,1981,1.7520730411162622,1.7155449606736102,1.7025050408176137,1.7404474875708908,0.62162184715271,0.6274594664573669,0.623985230922699,0.6273105144500732,0.23969057202339172,0.2516270875930786,0.2445385456085205,0.24883247911930084,0.20109486048844832,0.20104498858587222,0.216334114918763,0.2390365658893876,0.0417112522205984,0.04310893465777546,0.05191317197858406,0.05472969227321291,0.05683395174818942,0.074570373725229,0.09925293047303145,0.10996491730075104,197,36.78560664281655,-118.7230098325116,1.7304270462633453,0.630327045917511,0.2524449825286865,5,14,
0000343d391393165adf_13,9.879090756056593,7.829849623197906,3.6847272610774913,4.2265329196364405,159,1279350000000,2184,1.4796111922144841,1.5430043417261339,1.5307200022879515,1.500371747547114,0.5878499746322632,0.5973843932151794,0.5901612639427185,0.582068920135498,0.19086085259914398,0.21099801361560822,0.21716561913490295,0.20567789673805237,0.20182532389183527,0.2522414821695754,0.3036283324551694,0.2876862009952047,0.05465308427264027,0.06802599625794928,0.09259007748494312,0.09387264333572948,0.08286787135085708,0.11057238043500903,0.1394493968795127,0.133799002794097,197,36.77671332150377,-118.70522318988603,1.480930720783765,0.5620731115341187,0.12011439353227615,5,10,
0000343d391393165adf_15,14.039876406804115,5.237547572084916,4.25440867693748,4.561424123709397,354,1279350000000,1923,2.0668105306319653,2.0328976221743353,2.0072113439427484,1.9505577418550464,0.7079066634178162,0.6977294087409973,0.6859813928604126,0.6759116649627686,0.42196840047836304,0.4054718613624573,0.38965028524398804,0.37509477138519287,0.1130007814307008,0.17630043746519608,0.23047391610162798,0.22190463958373352,0.011964087389546857,0.02257930192931082,0.03447220677112699,0.04119789129418784,0.018236394389122938,0.04407103137770631,0.07442408813449038,0.08996098258302983,197,36.789918556180325,-118.77906470624065,1.9871799664705916,0.6878272891044617,0.4201969504356384,5,21,
0000343d391393165adf_16,5.65422370317507,3.524223186739249,0.34199894744074705,3.317967809989882,72,1279350000000,2237,1.9974589212514664,1.9171287235704892,1.8757421611822402,1.8825428860671138,0.7001069784164429,0.679057776927948,0.6700762510299683,0.6705957651138306,0.4363718628883362,0.3989810347557068,0.3840598165988922,0.3825567960739136,0.20117084700362878,0.22731907159292708,0.23598244641619004,0.22441780241931286,0.0374622388552488,0.04754254361128612,0.048764016131157106,0.047165867736156095,0.08459789672944687,0.1067411568929691,0.1116933820610256,0.10625529231096156,197,36.76593353809434,-118.69767734149943,2.077788987154695,0.7181793451309204,0.48515671491622925,5,23,
0000343d391393165adf_17,7.4126543001247684,11.46864033755252,3.387842327412944,5.8611408326922385,90,1279350000000,1918,1.5052776569508377,1.4800671387958815,1.4667841722411892,1.4903423733446617,0.5689231753349304,0.56270432472229,0.5507956147193909,0.5475099086761475,0.15338461101055145,0.13811883330345154,0.11720874905586243,0.11211582273244858,0.1280498779026326,0.1882010025868801,0.18197204158984537,0.20881486678834965,0.046415446914042875,0.054072647683831535,0.055802907850548505,0.059656460994344976,0.04208298954580471,0.06206698066623893,0.06668310402537836,0.06813388616542751,197,36.794230469544104,-118.74591687225664,1.4564251800276293,0.5558711290359497,0.15257592499256134,5,7,
0000343d391393165adf_18,23.810529129192023,15.028051533038258,6.929188205253769,9.790731814892322,344,1279350000000,1559,1.852348410669605,1.7831479010725184,1.7748014170098512,1.7763398712814222,0.6375508904457092,0.625477135181427,0.6207556128501892,0.620683491230011,0.28751662373542786,0.2490977793931961,0.2322794497013092,0.22725123167037964,0.16072367179023525,0.2620969455882609,0.28292294837623194,0.30369870297054136,0.017820712325372544,0.05165285889539123,0.06500775871400273,0.07095221692580772,0.030344306711905644,0.07313484477619367,0.09358957768563801,0.09897933021028031,197,36.78506765364608,-118.67611777468055,1.9130941965587636,0.6606243848800659,0.32282859086990356,5,16,
0000343d391393165adf_19,14.52801332724199,11.380611212553173,5.46616323941775,7.24791805429471,20,1279350000000,1991,1.4512819363776228,1.48379111982333,1.587793110811361,1.638264903114353,0.5496424436569214,0.5614013671875,0.5846573114395142,0.5945684909820557,0.12315607070922852,0.128194659948349,0.1693367063999176,0.18975135684013367,0.15607296842910054,0.22135442907443853,0.25949735269137736,0.25850751667330607,0.028546596490347808,0.047790484328970026,0.058537732939241194,0.06264709375451613,0.03861752442546452,0.0645987102436087,0.09532417087166463,0.10555264518567448,197,36.78506765364608,-118.73378961592103,1.4738430583501005,0.5616000294685364,0.12305732816457748,5,25,
0000343d391393165adf_20,-1.2043797922263613,8.818468384962898,6.599244104824146,1.8174243746102914,89,1279350000000,2193,1.316266403587589,1.3189929260675857,1.33024457593522,1.3596031555956676,0.489143431186676,0.4779873490333557,0.48640602827072144,0.5031708478927612,0.04164527356624603,0.026792949065566063,0.060366228222846985,0.08194692432880402,0.19787421829053972,0.2516468932003387,0.26303999112496385,0.27127256946895395,0.08057258785053842,0.0998444387484803,0.10263275150749812,0.10089318409459425,0.08348810271860072,0.09819301636335888,0.11133807647058647,0.11863552726545054,197,36.77671332150377,-118.73513708884721,1.281657018813314,0.5147112011909485,0.08678655326366425,5,35,
0000343d391393165adf_21,11.51772156612706,11.552916637821664,4.208684638708008,6.975191083480671,0,1279350000000,1970,1.7764512083062753,1.8361790089195436,1.8207711640643065,1.81106324755186,0.6524533033370972,0.6557034850120544,0.6513048410415649,0.6497476696968079,0.3120756447315216,0.31554651260375977,0.3023151159286499,0.302925705909729,0.24583863854409388,0.283784365576248,0.27710792583841937,0.26510829648516976,0.04750573948099655,0.05907712296965063,0.05743193801772277,0.05742285388063875,0.0933417561482583,0.10641959938892243,0.1124659646422266,0.10754725438329665,197,36.78587613740179,-118.72193185417065,1.8352059925093633,0.6330674290657043,0.26334983110427856,5,16,
0000343d391393165adf_22,6.839494821166502,9.485700712240174,4.167243974182232,6.236450554591061,332,1279350000000,1754,1.7471691165277192,1.813054821433227,1.849088240836921,1.8504661902737904,0.6193852424621582,0.6352130174636841,0.64406418800354,0.6473038792610168,0.24076099693775177,0.2396765500307083,0.2545204162597656,0.26256921887397766,0.17172467631511226,0.1889097034351142,0.20539834221802786,0.21870939259643785,0.028759301015564176,0.032830287735927076,0.03496392736930935,0.03760396526398287,0.050562670883313406,0.05837793459814692,0.06721079027690793,0.07493051947913436,197,36.79315249120316,-118.7170809516364,1.6100405679513186,0.5969827771186829,0.2183908075094223,5,7,
0000343d391393165adf_23,-0.49049401077046034,4.836572280991656,2.631751024630898,2.441138084326161,17,1279350000000,1686,1.859350781551443,1.9334477477795895,1.9207581040375223,1.899258222666921,0.6596410274505615,0.663004457950592,0.6556838154792786,0.646900475025177,0.264847993850708,0.27735039591789246,0.27944618463516235,0.26574912667274475,0.1717933911983469,0.21057834938216752,0.20956934046884731,0.24195304567919637,0.023448715776163608,0.026524597579319548,0.027369044727280592,0.03387363986619755,0.03660951205539273,0.05031187274867461,0.04894213526404697,0.0643671230850551,197,36.79342198578839,-118.73783203469957,1.7275842375785266,0.6033797264099121,0.21460843086242676,5,4,
0000343d391393165adf_25,15.156801850316162,16.19502152004716,6.3669470254321645,8.026411345929555,355,1279350000000,2117,1.4448141400931331,1.3390981959456656,1.3370026328839555,1.3451981324197408,0.5459825992584229,0.520332932472229,0.5095258951187134,0.5093994736671448,0.12579677999019623,0.10030302405357361,0.08992204815149307,0.0927390307188034,0.21744645732678414,0.20768222901770678,0.22821942610235488,0.28181173475743015,0.050057681438702324,0.06359474081185668,0.07447221143558205,0.08468314223115257,0.07285426261125615,0.07504371761727067,0.08860696120913557,0.10672939443667742,197,36.77806079442995,-118.72893871338678,1.4579700034879663,0.5506072640419006,0.16378681361675262,5,12,
0000343d391393165adf_26,23.736967364445608,20.14626480818108,9.071204487195322,11.91174829813291,66,1279350000000,1683,1.853003366333016,1.875704600395399,1.9301923578016533,1.9480766436817212,0.6710431575775146,0.6764222383499146,0.682701587677002,0.6832914352416992,0.2745282053947449,0.3055126368999481,0.33063119649887085,0.34227168560028076,0.16410194065322606,0.14883372314589283,0.16746082434038662,0.1713946310494736,0.022308438818637814,0.019038085057174206,0.021208246092684818,0.020357168519826527,0.05215640177749205,0.059645406007534915,0.06766637054420395,0.06333817186646044,197,36.79692541539646,-118.72597427294919,1.772674170781298,0.6376982927322388,0.2236482799053192,5,20,
0000343d391393165adf_28,8.30600583521501,15.56150535986378,4.682041773426551,6.240682592450139,237,1279350000000,2303,1.5142531409826772,1.5893366082449376,1.6323529235277807,1.6277047649036331,0.5593268871307373,0.5845165252685547,0.588154673576355,0.5741217136383057,0.1634819656610489,0.18518173694610596,0.19222982227802277,0.18152384459972382,0.1513152997342988,0.17762767671663973,0.20564028833920442,0.23968078191546668,0.03530764583506956,0.03800487917076116,0.0431670108306481,0.06507820284220245,0.04036908906274287,0.05998457204659473,0.07185626194500314,0.09115877154968517,197,36.77240140814,-118.74052698055192,1.5495381271508784,0.5793082118034363,0.1807228922843933,5,21,
0000343d391393165adf_29,1.789774382870509,7.690023236169671,2.798110756042904,2.6807328877471663,51,1279350000000,1864,1.3913670767545394,1.312248446183073,1.315433073892627,1.34077044372675,0.5308438539505005,0.513137698173523,0.5070693492889404,0.5139327049255371,0.10658898949623108,0.07726966589689255,0.07704616338014603,0.09044553339481354,0.13228942933217483,0.22818972821354708,0.25736345262834026,0.29747533954713573,0.020560621867208247,0.058197646232355835,0.07186361374346677,0.0851603844861594,0.022878401412360375,0.046103820524363535,0.063991348735027,0.08994457685158046,197,36.77509635399235,-118.68555008516381,1.280161943319838,0.4985935389995575,0.0756482258439064,5,23,
0000343d391393165adf_30,14.82623410871838,11.555559596148672,4.876815166359243,6.81036922053953,348,1279350000000,1950,1.9264816263130722,1.939370505320456,1.9171154509078379,1.8756955168451457,0.6824158430099487,0.6814175844192505,0.6781604290008545,0.6681044697761536,0.3610810935497284,0.3513411283493042,0.3502350151538849,0.33933594822883606,0.18812688943544836,0.25786666373665607,0.26390906543578896,0.2564091406513987,0.05682211009809226,0.055654623738701996,0.0523912362651371,0.04851974771073089,0.07081078051920162,0.07906188350798526,0.07388390507607494,0.07664069384565321,197,36.781833718623254,-118.72893871338678,1.9290068124775905,0.6857260465621948,0.3489137589931488,5,6,
0000343d391393165adf_31,-1.7326394386844721,2.992476909840996,0.4335127123198571,2.874723355325317,21,1279350000000,2237,1.3668433610449306,1.457556413832823,1.505407961519694,1.5378366776847718,0.5233364105224609,0.5437915921211243,0.5631527304649353,0.574104905128479,0.09751821309328079,0.13262870907783508,0.1530318260192871,0.16703592240810394,0.17637707499137478,0.2034425145488187,0.2694161078138653,0.2857260458955413,0.07121273294485116,0.06497510783865751,0.06602530961804531,0.07036760043054519,0.10169155593832449,0.09892007833211934,0.11179799876153403,0.12613573270689324,197,36.77240140814,-118.73271163758008,1.1469614921780986,0.47548729181289673,0.022304071113467216,5,27,
0000343d391393165adf_33,16.214188233846258,11.841741452765204,6.988820612428949,7.960294670317772,337,1279350000000,2109,1.9274429153043702,1.9056500106373404,1.9010633492621625,1.8741204044347846,0.6938667297363281,0.6809386610984802,0.6726349592208862,0.6666443943977356,0.41873443126678467,0.37485456466674805,0.3509705364704132,0.346871554851532,0.10425631830872942,0.20234181022895267,0.2271128895250237,0.2505159453231932,0.008876621568619566,0.026923098113257757,0.036992905753084775,0.051877673811298285,0.0278762949171742,0.07611454540951065,0.10894552694900043,0.12110320049914104,197,36.78937956700986,-118.77367481453594,1.937811703505787,0.6904171109199524,0.41020601987838745,5,30,
0000343d391393165adf_34,18.36705105323866,14.55659463924173,7.5714227237225655,8.58352061699512,14,1279350000000,1665,1.5620994891976028,1.6152943307624494,1.6828801746284991,1.746798704037491,0.5481043457984924,0.5689040422439575,0.5865505933761597,0.6039614081382751,0.10505303740501404,0.1374368667602539,0.1662083864212036,0.18546368181705475,0.1791776369581796,0.22591209096739578,0.2535302628885575,0.25959659791597656,0.03538369159786689,0.06279810548545338,0.07118194404925576,0.06908112639942543,0.047083458297971524,0.07167300197146265,0.07529446400700046,0.07845176624169217,197,36.7971949099817,-118.70764864115314,1.7526284467367588,0.6044330596923828,0.14686167240142822,5,34,
0000343d391393165adf_35,19.949174468929378,15.730126651010005,7.947500719013356,9.955021819719487,6,1279350000000,1667,2.0940190483792387,2.042021111698711,2.0515366046648142,2.0489837541483467,0.7236310243606567,0.7206909656524658,0.7184001207351685,0.7165142893791199,0.34592413902282715,0.3482856750488281,0.34698164463043213,0.34362149238586426,0.14094496527700504,0.1538513996848457,0.1530395394282678,0.15711679523933503,0.013650871866098185,0.015614012454252358,0.01637814781208257,0.01876075230433923,0.020880584738752213,0.022357359234624136,0.027392520423927525,0.03049905466211222,197,36.802315307101175,-118.76370351488221,2.018561156789036,0.7053894996643066,0.33330217003822327,5,36,
0000343d391393165adf_36,3.3552225014869594,6.378941288993293,6.284331917446204,3.626337025496912,70,1279350000000,2193,1.7192724132932247,1.7177843543394968,1.7212644671135873,1.6887357802386629,0.6412509679794312,0.6416369676589966,0.6420063972473145,0.6354054808616638,0.2702412009239197,0.27870890498161316,0.2829422056674957,0.272397518157959,0.13968945250655873,0.17324652464477439,0.17662319781386576,0.195889632810207,0.02973380577379968,0.03521346534764173,0.034766657604080146,0.03861533665391831,0.06285795373339788,0.06753848526203937,0.06687045763980792,0.07472672770807767,197,36.77428787023665,-118.70764864115314,1.7483098106910517,0.6442604064941406,0.29790499806404114,5,11,
0000343d391393165adf_37,10.45623553757303,12.32575011588161,6.488815562420277,5.869216113070989,44,1279350000000,1729,1.9232427165056933,1.922678610981055,1.8964461659142107,1.9481959953066037,0.6893050670623779,0.684086799621582,0.6765066981315613,0.6725919842720032,0.30166131258010864,0.3042626976966858,0.3045976161956787,0.31016892194747925,0.11421961697684707,0.16299623723717416,0.16659132946297106,0.20118722881053291,0.012632157129226891,0.022393657413932466,0.02755968560894647,0.03243151938614665,0.019757777474118457,0.03388980371491236,0.03936766960692502,0.060590889916178725,197,36.79908137207835,-118.75481019356943,1.8278448609196678,0.6708693504333496,0.2605181932449341,5,25,
0000343d391393165adf_39,19.013991868862753,9.390244341814416,4.383617068125505,8.798253601649638,73,1279350000000,2152,1.7798194408393795,1.6922265562876073,1.620080693339149,1.5465977448811061,0.636748194694519,0.6080048680305481,0.5816488265991211,0.559074342250824,0.26719874143600464,0.24672916531562805,0.21146292984485626,0.18548455834388733,0.12978449930828403,0.16623623755299405,0.2291718356219726,0.2863261280037608,0.025577657928512586,0.04241805181224998,0.07322860363825098,0.09591037816412734,0.03507466616701524,0.07190232524173845,0.11252289771550099,0.13621211629610774,197,36.77671332150377,-118.73378961592103,1.657766990291262,0.6123139262199402,0.2315245419740677,5,19,
0000343d391393165adf_40,1.0456960890917824,12.230927218823837,2.826526133877669,3.334352684091115,147,1279350000000,2240,1.1278345104656098,1.2198102795458232,1.258248595751402,1.2992042740602379,0.44589924812316895,0.47600623965263367,0.4925229847431183,0.5055596232414246,0.01739361137151718,0.04308723658323288,0.0727597326040268,0.10291164368391037,0.19689299539760044,0.2733709881174831,0.2952322547949683,0.2974957934883868,0.0669132967246907,0.08384217718543491,0.0942356135289236,0.09331192799432238,0.07781753574254334,0.10497622066101153,0.11623287908354803,0.12026772465194459,197,36.77725231067424,-118.70872661949409,1.0837165054701126,0.43469101190567017,0.016345348209142685,5,20,
0000343d391393165adf_41,8.338301323351356,7.001231228598193E-4,0.25893905178801685,2.021854114865951,18,1279350000000,1811,1.6933383510465234,1.7208930376019922,1.6346292565911624,1.62470838588615,0.5335458517074585,0.5233212113380432,0.5208759307861328,0.527527928352356,0.1012188196182251,0.07124199718236923,0.07094502449035645,0.07859165221452713,0.19643531701984246,0.2349541291177071,0.25286616645461585,0.26607478111315663,0.042563800069877665,0.0552231457836232,0.06318655430708553,0.07786255908430088,0.058988907393068696,0.08886650579041891,0.095241657928208,0.11143131039517884,197,36.79503895329981,-118.70387571695984,1.8362023995826813,0.5831153988838196,0.15630505979061127,5,36,
0000343d391393165adf_42,26.28936088185563,15.615222885641328,6.354269108412464,11.45649327869541,334,1279350000000,1495,2.213767709147114,2.1644983677998217,2.158685022313942,2.18395020209985,0.6992902159690857,0.7006673812866211,0.7012094855308533,0.7054201364517212,0.36955103278160095,0.3419583737850189,0.3349195718765259,0.3329838216304779,0.1859466167469917,0.19464956326777277,0.23594221144478308,0.21497611317489226,0.00976484940823517,0.01428322414468764,0.017382994691506417,0.02427335263053681,0.02438077714318873,0.033765842904069206,0.03205639703380681,0.040667827532999766,197,36.800698339589765,-118.72516578919348,2.1284533172010485,0.7010959982872009,0.36598941683769226,5,31,
0000343d391393165adf_43,7.283758154483076,6.804948372565473,2.5432950157181655,5.86108056506412,341,1279350000000,1830,1.9547855201218618,1.9156383195328162,1.8836480401149664,1.8771418744895974,0.6757044196128845,0.666987419128418,0.6573722958564758,0.6574099063873291,0.34160470962524414,0.3291708528995514,0.3147737383842468,0.3113676905632019,0.17036265754386484,0.20854075740429,0.22850058218462987,0.23815391643564265,0.02164381853650435,0.02960859343297724,0.03756648673737498,0.0372865446978526,0.03614758745597348,0.05967747052552752,0.06804273314527082,0.06714457009728814,197,36.79530844788505,-118.7494203018647,1.8266666666666667,0.6669912338256836,0.3213077783584595,5,23,
0000343d391393165adf_45,15.296645863545665,6.353552583830074,5.1631567204408455,5.759113746435278,339,1279350000000,2230,2.005325058765661,1.980414379083184,1.9106306593604234,1.8440349298512015,0.6695564985275269,0.6676617860794067,0.6588390469551086,0.6432231664657593,0.4115944504737854,0.38817256689071655,0.3572036921977997,0.3295627236366272,0.17348731897686365,0.2667031455800308,0.27225109109996143,0.2998306511379366,0.028318148860698517,0.04142484461827994,0.04820725165259587,0.061121387965941985,0.047788849993603326,0.07768779512476301,0.09580826018329605,0.11440130580749168,197,36.77455736482189,-118.7275912404606,2.0079865462741755,0.6688228845596313,0.45616018772125244,5,24,
0000343d391393165adf_46,8.614250023102864,6.109788592712097,2.3555038841151683,4.388085781393491,22,1279350000000,2139,1.5523541775293592,1.5465614160908268,1.5904209491222636,1.595893915660638,0.5944436192512512,0.607965886592865,0.613894522190094,0.6184530854225159,0.18854354321956635,0.20821407437324524,0.2310391217470169,0.24271200597286224,0.08496939394004327,0.1406451200648964,0.18103588150952243,0.1814994668244225,0.01830402168883811,0.029706649209296453,0.03720126786711397,0.03562798778273172,0.018638845865623692,0.050859722628607336,0.0719894617765604,0.07424210727623484,197,36.78506765364608,-118.75265423688754,1.5359082679541338,0.5768795013427734,0.19464033842086792,5,18,
0000343d391393165adf_47,-1.690694264952111,1.6267428893797864,-1.1239915336727284,1.179774485115366,4,1279350000000,2282,1.7850121833159598,1.8995012637156627,1.9421183180513557,1.9603749286027727,0.6194279193878174,0.6497637629508972,0.6615757942199707,0.6707246899604797,0.31008341908454895,0.3493492603302002,0.3884281814098358,0.3992999792098999,0.25751424328407824,0.30367006093673515,0.30557729256424315,0.28205171813352664,0.043458621023514506,0.05713117705087319,0.05292227154357149,0.04929713301342407,0.11090238708404049,0.12095139098055674,0.1195508211620416,0.11140050759252076,197,36.759196173463444,-118.68662806350476,1.624381188118812,0.6002303957939148,0.305777370929718,5,16,
0000343d391393165adf_48,1.9231841715781641,8.801501394877766,-0.6071832476562707,1.3398820151724087,109,1279350000000,2139,0.9543113752246603,0.9965488418297673,0.99675424003129,1.0274036921551535,0.38708025217056274,0.39136987924575806,0.3979211747646332,0.407819539308548,-0.027041995897889137,-0.02364254742860794,-0.01469108834862709,-0.006014763377606869,0.1540040967452673,0.1702968333935408,0.1909734304764618,0.20128428678147994,0.05002126139376151,0.05399914518781292,0.06069492779414468,0.06528837128646148,0.04750495608127627,0.05049565912131997,0.05665622425555543,0.059689906624231986,197,36.771592924384294,-118.69417391189135,0.864766081871345,0.37048110365867615,-0.032258063554763794,5,26,
0000343d391393165adf_49,2.7929685092034444,9.959788605527345,5.448373620282521,3.1869437964187917,10,1279350000000,2265,1.3889568084237376,1.326715952050893,1.2854420648559122,1.2994620991149008,0.5450735688209534,0.5196018218994141,0.505496621131897,0.508592426776886,0.06410393118858337,0.0409977026283741,0.034803781658411026,0.045843448489904404,0.10759556294658285,0.14973795847719812,0.15744415092805242,0.18609771065178837,0.03297427028331302,0.0364356403340615,0.04010819134161883,0.053424567929511606,0.02909827953088945,0.03890860793271247,0.05446750806184243,0.0691823797593614,197,36.771862418969526,-118.73432860509149,1.219288875324279,0.5092415809631348,0.04662983492016792,5,25,
0000343d391393165adf_50,9.98717115143328,6.500592697120572,5.469982505552401,3.986601323981249,335,1279350000000,2074,1.9617353733793377,1.8980703696034833,1.8979767190469348,1.911872105675248,0.683251678943634,0.6850039958953857,0.6828088760375977,0.6856785416603088,0.40365996956825256,0.4014805555343628,0.41301465034484863,0.41773664951324463,0.1608641195000187,0.1848690345672345,0.19436476441882233,0.21514602019487775,0.0223572862632774,0.030784010062770338,0.03633023768370111,0.03867074743727737,0.04180706544706855,0.0757771485798094,0.0785964937127072,0.08380717859907828,197,36.78075574028231,-118.72139286500018,2.130143319463708,0.675220251083374,0.39338383078575134,5,16,
00009f55da6a7b7025c8_2,20.330496869903403,12.512550285492567,6.018342640748875,9.023853955009093,223,1281164400000,2137,1.9207719184072332,1.8888884523907539,1.8263659476872363,1.742599000841521,0.7122266292572021,0.7071595191955566,0.6868930459022522,0.6561487913131714,0.3840961456298828,0.37832245230674744,0.3447844982147217,0.30432236194610596,0.18185309991515947,0.16620062401513278,0.20730172114208903,0.3168370261959669,0.038704100967369676,0.02757361043347203,0.057051285738434765,0.09729686683660951,0.08085287579333035,0.06241936158731384,0.09620056612722784,0.1443561842484723,218,37.57037487502337,-119.20648311842471,1.9205939916882637,0.7133725881576538,0.39823785424232483,5,15,
000011fdb04ff6b8e9e4_0,-1.7867393363082333,-2.5242430895217702,-0.41710742796520256,-1.479376005289067,345,1280041200000,1727,1.7028758395221073,1.7870151256584985,1.7999601646833587,1.8737252201541794,0.5261664390563965,0.5466180443763733,0.5654212236404419,0.5922206044197083,0.01219911314547062,0.04591347649693489,0.06674064695835114,0.11455903202295303,0.2428002077588991,0.25217984285537043,0.2871351172974219,0.329577513215121,0.042670899751909054,0.06570898152776213,0.07301124471571407,0.08129101373109456,0.05703739021623519,0.0863732690044937,0.10282188362718164,0.12446474148696907,205,37.908590579494366,-119.65842553786526,1.7329545454545456,0.5077940225601196,0.004258106928318739,5,38,
000011fdb04ff6b8e9e4_1,-0.2818716299366605,7.298188281649614,1.9292121222283274,0.9493078745318702,356,1280041200000,2353,0.8520315375089802,0.9045960933516837,0.9398784652241625,0.9935993551123037,0.36184316873550415,0.3774940073490143,0.39737361669540405,0.41816845536231995,-0.10347616672515869,-0.09138260036706924,-0.07081703841686249,-0.043939657509326935,0.10938819624328053,0.1245024921166675,0.16667214188479562,0.2215606249851442,0.0331522066392623,0.037243911066550395,0.054157324529866754,0.06226817445619291,0.032000048286278344,0.03391623473241666,0.06173256465684611,0.07482061791733638,205,37.89484635564734,-119.65977301079143,0.6537983328455896,0.31913864612579346,-0.11329159140586853,5,15,
000011fdb04ff6b8e9e4_3,23.975134144245132,17.845194481642366,8.73382964106736,10.59524675849036,52,1280041200000,1790,1.9716050720751255,1.947149646917458,1.9082896924427621,1.8372542001703134,0.6894620656967163,0.668522834777832,0.6537491083145142,0.6339080929756165,0.3006553649902344,0.2616594433784485,0.22912698984146118,0.1939082145690918,0.11725718831148935,0.18786034423422898,0.20226252975468592,0.23976793410708436,0.020251872771572525,0.04864898846287669,0.06506997879692547,0.0714968040783247,0.03780563867153014,0.08623380390540761,0.1135694810234007,0.12249819897103478,205,37.91613642788097,-119.67944611551364,1.9267491845672002,0.6866475343704224,0.3131377696990967,5,39,
000011fdb04ff6b8e9e4_5,29.21568414570538,21.195728336983844,7.441873528486159,14.585307823265383,5,1280041200000,2033,1.43987478474543,1.380078584398607,1.3569029952629854,1.4066802664592521,0.5249699354171753,0.4945707619190216,0.4951174855232239,0.5043461322784424,0.11080564558506012,0.08445437252521515,0.08974364399909973,0.10059408843517303,0.2928508888339951,0.34300846888009007,0.38416942105717156,0.43587157389234665,0.08845567251703723,0.11328493189527282,0.12269994976803893,0.1331770542981337,0.11018003908166878,0.1342754796825919,0.1547266668947817,0.1734474491535478,205,37.90400917154536,-119.65869503245048,1.7196440979145573,0.6188848614692688,0.18249444663524628,5,13,
000011fdb04ff6b8e9e4_8,7.334836678363906,12.616100960833872,5.033195152941231,7.028791884065693,13,1280041200000,1873,1.8249757380563763,1.8025793877355092,1.7608260145746446,1.7486202469169354,0.6164411902427673,0.5868319869041443,0.5635108947753906,0.5523953437805176,0.1455531120300293,0.11623851209878922,0.1001727283000946,0.09294267743825912,0.19531595759930387,0.28979281377134886,0.3356592086964198,0.3667191896871643,0.035332397946182884,0.07209349387840577,0.09449275868117066,0.09873454009915178,0.05503969050433914,0.09811680490495087,0.11470224683835165,0.11907911229648921,205,37.90724310656819,-119.66381542956996,1.8639392017682441,0.630828857421875,0.19711320102214813,5,41,
000011fdb04ff6b8e9e4_9,-2.2741678130812395,0.9280092606835428,3.97424754639461,-0.5324745143955599,357,1280041200000,2288,1.5312432942276364,1.510998389066763,1.5486126508692464,1.5609544330846914,0.5742816925048828,0.5718779563903809,0.5774245262145996,0.5826554298400879,0.21840021014213562,0.20346936583518982,0.19121508300304413,0.19645199179649353,0.28080300915839235,0.35491313630143156,0.3993744537838667,0.43707570434656373,0.07387523505914873,0.10341826230927861,0.12341615325139729,0.13218871474979796,0.12327530868984861,0.12989832538449847,0.13891939911511134,0.14039094371406755,205,37.89808029067017,-119.65303564616053,1.8101487777525493,0.6310814619064331,0.3217458128929138,5,22,
0000e1bc802e9f05fa27_1,7.714489037997413,12.662506763443517,6.255677386466483,5.231416880826022,270,1281250800000,2329,1.156044162774313,1.171125102577165,1.2337956443458922,1.2986249857650976,0.5318332314491272,0.5430663824081421,0.5538989901542664,0.5605688691139221,0.05357246473431587,0.10073746740818024,0.1226394921541214,0.14087511599063873,0.10441293354697352,0.17126604214205388,0.1769360330329047,0.2081398994269247,0.037865067334748474,0.05834031600605398,0.05712576708693055,0.04977943045780363,0.05448146526362361,0.07923809517755455,0.08015279627929454,0.08148196033808357,219,37.993481373843665,-119.72202625998091,1.1639988767200224,0.5133126974105835,0.033773861825466156,5,10,
0000a0c66774b431c84f_3,3.0804349025483484,3.121024842471104,1.0982305720784113,1.6358671083694991,140,1281250800000,2501,1.3723978337148273,1.4226726773490568,1.36079772881109,1.3606424199761475,0.5058004260063171,0.5174088478088379,0.5219558477401733,0.523910641670227,0.1530381441116333,0.17314296960830688,0.1832457035779953,0.18341758847236633,0.1622133401424301,0.24201235049690573,0.29310841173400104,0.2878184894922329,0.03148482109863517,0.05885465294406421,0.07495500938233085,0.07549688185736869,0.0469603271601181,0.0873728262285405,0.10568222783045045,0.10665382529637565,219,38.231175598021686,-119.89046037575332,1.5202957820706438,0.526736855506897,0.20345133543014526,5,11,
0000c1c3c10609bf4fbe_0,13.697686800855287,6.342739595924013,4.8312647988382595,3.1163440146472334,108,1286089200000,1618,1.7362793057995045,1.842206932163988,1.8632855311867214,1.843966799271226,0.6817253232002258,0.6974822878837585,0.7074728012084961,0.7055058479309082,0.2930285632610321,0.3066883683204651,0.3129708766937256,0.30891910195350647,0.21444381583912495,0.26396571505708255,0.2939253153683624,0.28387828383915864,0.039792437209753416,0.052342941479534076,0.056176006970697905,0.060651530618709815,0.06167746849530891,0.08609528783156122,0.09489669067041843,0.10117964846487804,275,38.31956982197905,-119.99933618818861,1.8018280824581876,0.7020316123962402,0.2747252881526947,5,22,
0000487330fa88fd240f_0,5.691157751788069,6.512152056707844,6.461945526868208,2.5531069921087703,46,1282892400000,750,2.0595766843345804,2.077468179208593,2.047193127192516,2.043750425209501,0.7942603230476379,0.7950862050056458,0.7972062826156616,0.7994721531867981,0.468778520822525,0.4657159745693207,0.4642462730407715,0.4609636962413788,0.16033037193774557,0.14503960495789803,0.137146258542421,0.13927591331506078,0.015417575995773435,0.016977289855839156,0.014923988778941088,0.017380776799697246,0.025869411888872658,0.025921507627028738,0.028689118760049682,0.036846077585770444,238,39.39647018458153,-121.15277301299807,2.008990439950203,0.7845410108566284,0.4772256314754486,5,19,
0000487330fa88fd240f_1,25.893082565453877,29.60215351433355,14.382493166986546,13.280827110653796,77,1282892400000,649,2.2757812226334,2.274891340366986,2.223911345708518,2.2057839235685797,0.8168222904205322,0.8154963850975037,0.8098533153533936,0.8056660890579224,0.4937973618507385,0.48421794176101685,0.47489824891090393,0.46476513147354126,0.1499849404057665,0.150150478504203,0.1923930194834469,0.21409137141738463,0.011133649783129574,0.015066277804519627,0.020788043180230156,0.02998678267139284,0.01565716615731601,0.021222215862806464,0.03223075342440181,0.04818895680078873,238,39.38218697156403,-121.13309990827585,2.308797038273401,0.8258824348449707,0.5012321472167969,5,12,
0000487330fa88fd240f_2,4.7844815858049055,14.856341187224034,3.8781123337673713,3.7122534054693728,134,1282892400000,622,0.688214756744383,0.8584506264897159,0.9989416186816328,1.0760760496560293,0.2715432047843933,0.361674040555954,0.41871505975723267,0.4490535259246826,-0.05492372810840607,0.02517888695001602,0.08090874552726746,0.11224418878555298,0.2157887697912551,0.3148598078961752,0.5009993749289252,0.5843653428327216,0.08844532108557707,0.141204610270124,0.19105681220393972,0.21323473671344945,0.0597464012038742,0.10613486687122126,0.15488010848692813,0.17686820102434864,238,39.39539220624059,-121.14495767002623,0.5428049889968494,0.2507150173187256,-0.12211713939905167,5,25,
0000487330fa88fd240f_3,10.021227418622939,5.547095253090238,4.928728635132283,3.412062799534722,104,1282892400000,639,2.2369866047872957,2.2484684294767066,2.2498792197399897,2.2367338324227983,0.8287749886512756,0.8275132775306702,0.8253224492073059,0.8228046894073486,0.5025767087936401,0.4930163025856018,0.4893342852592468,0.4821004867553711,0.1194862721370404,0.14595363452779153,0.1626363549217995,0.16649643044745013,0.010236555086268369,0.013378709183312808,0.014530756537870754,0.015848161814047572,0.01389066582500674,0.017490350074048547,0.018380151092168374,0.028921509016805062,238,39.388924336194926,-121.13067445700874,2.31611000453555,0.848831057548523,0.5306816101074219,5,27,
0000487330fa88fd240f_4,12.987203733908652,11.610260211568342,4.817438459596758,5.777342375418353,116,1282892400000,711,1.617229257955822,1.7744531582169205,1.853043505203044,1.879219013035682,0.7163647413253784,0.7423949837684631,0.762237548828125,0.767911434173584,0.30608972907066345,0.34572434425354004,0.3754720985889435,0.3837093412876129,0.19689180436187365,0.19002562826012975,0.20310706589207758,0.19313504784737756,0.04172334357801444,0.038305983419245904,0.039203948219461375,0.037842482762420804,0.06319626145002397,0.05989021938851595,0.06355639146742365,0.06441485612976083,238,39.409675419258086,-121.15169503465714,1.5601694834099358,0.6662092208862305,0.23761571943759918,5,20,
0000487330fa88fd240f_5,22.265407554008803,24.53122279521422,12.709016411622144,11.818337157601295,276,1282892400000,613,2.1523003129778537,2.186909117760856,2.128451302472194,2.1101529685012075,0.7877494096755981,0.7909924983978271,0.7900868654251099,0.787710428237915,0.3694421648979187,0.3911462724208832,0.39728444814682007,0.3978077173233032,0.16405713777655273,0.15868969585259018,0.1657867127958928,0.16434891556138476,0.008851558948507764,0.011686977071662658,0.015150801008363596,0.01838208249694162,0.01724792923137835,0.02646797161633383,0.025456227417532465,0.02595298626575257,238,39.380570004052615,-121.13552535954298,2.2086290336876813,0.7898674607276917,0.37455400824546814,5,39,
0000487330fa88fd240f_6,7.639129906099841,9.199743022963968,4.761732377718233,4.202015670305575,126,1282892400000,676,2.1436561773949867,2.0888215267258197,2.08502456231703,1.9786431467198353,0.812456488609314,0.8008025288581848,0.7936699390411377,0.7642771005630493,0.45903101563453674,0.4437386691570282,0.43173420429229736,0.4017128348350525,0.09293188748350895,0.1413134434828505,0.1814892012690646,0.4094759445920363,0.01399144747693739,0.019259648169870143,0.02964172201311919,0.09900953892848005,0.022082773847728596,0.04128628369733406,0.05665137095452485,0.10892520525679998,238,39.40186007628625,-121.1476526158786,2.027045589268313,0.8021812438964844,0.4762498140335083,5,24,
0000487330fa88fd240f_7,10.15530498169938,9.519414955726894,6.1857839602407845,4.433923852967786,217,1282892400000,452,1.9620937708330088,1.8173803781894873,1.8122740997208848,1.86233469901448,0.7465825080871582,0.6849395036697388,0.6803046464920044,0.6917737126350403,0.34484660625457764,0.2754041850566864,0.27341127395629883,0.2811979353427887,0.2458752266521137,0.3353149281885208,0.3522063898990077,0.3598589676316563,0.08131641114140715,0.1558594985667455,0.15083113788288424,0.14982598245830228,0.0814825298337099,0.16303068093547585,0.16237782573266002,0.15849654224397797,238,39.38380393907545,-121.14037626207723,2.1333555038244096,0.7926623821258545,0.39122650027275085,5,43,
0000dde467385735f298_2,1.708745806878754,2.568512046497179,1.8255246129303528,0.8177193349388249,94,1280559600000,1899,0.9223157511463369,0.9448876588352508,0.9240947145706648,0.8890024306141391,0.500985324382782,0.5066108703613281,0.49118584394454956,0.47467097640037537,0.07950067520141602,0.08489389717578888,0.07817041873931885,0.06971904635429382,0.06910784429789082,0.13109539221601102,0.16099650620529438,0.1733630530106636,0.02356022669524554,0.0432229391113154,0.06746960870290789,0.07111877433541611,0.029809363906457678,0.03388126334732689,0.03219024119440683,0.03313099699135416,211,40.03705881368716,-121.18592084698209,0.9266615089872687,0.5000118613243103,0.11573605239391327,5,13,
0000dde467385735f298_3,3.008883106176315,4.637584756522109,3.080418131700575,3.07275409668086,90,1280559600000,1479,1.7027694396945863,1.7779394931330892,1.8260113651927226,1.8514254700800368,0.690138041973114,0.7094200253486633,0.7217456698417664,0.728101909160614,0.29866382479667664,0.32988792657852173,0.36022037267684937,0.3664281964302063,0.1829632067592902,0.20945709698450476,0.2149495019536098,0.23253096475415108,0.02128418069494065,0.02988185292055032,0.042859398386514216,0.04596520519484342,0.035647675001001064,0.049843795746007544,0.067482417184576,0.0713456592925065,211,40.02547054652202,-121.18430387947068,1.558780368498288,0.7008797526359558,0.3077790439128876,5,16,
0000dde467385735f298_4,1.1259771619945362,4.326604567835062,9.942203218892786E-4,1.5580220988911282,149,1280559600000,1699,0.7324821653311321,0.7115545163225907,0.742532142006222,0.7898131373142312,0.3749969005584717,0.3629821538925171,0.37651973962783813,0.39231422543525696,0.004344054963439703,0.009968308731913567,0.018098564818501472,0.024947594851255417,0.14750322769042545,0.13212087534765624,0.1879068519383841,0.22514719248811146,0.05963219540122025,0.04810495033917113,0.07519504304265105,0.09166938617104815,0.04087324351549198,0.028470350867033305,0.034208638186137744,0.04437025385045519,211,40.03301639490863,-121.18403438488544,0.7524151597721079,0.3816957473754883,0.005793226417154074,5,30,
0000dde467385735f298_5,5.6053538919816575,10.269951101710548,2.2168419752270774,3.289409402380794,149,1280559600000,1619,0.9612158421414763,0.9384838585995673,0.929363489336916,0.9255060504558669,0.4879063367843628,0.4833163917064667,0.48165297508239746,0.47956275939941406,0.015962909907102585,0.012493168003857136,0.014498982578516006,0.016109365969896317,0.10510703674214994,0.09042248179879628,0.10875342470327642,0.12419074056466481,0.031933275261718436,0.03137122222910843,0.04019933828625594,0.04432848490418389,0.04358277604109226,0.039967176385199185,0.047795905140073563,0.04898957878307815,211,40.03786729744287,-121.16786470977128,0.97693595404251,0.49429410696029663,0.03648793697357178,5,22,
00002b619f41a3e4a3f3_0,7.917265161604295,23.337477743765312,9.028044445030911,6.126168960000996,322,1279954800000,1492,0.6820284398762675,0.6545840913038037,0.6646006466572048,0.6806812329596321,0.3073729872703552,0.2993890643119812,0.30096226930618286,0.30707937479019165,-0.0792921856045723,-0.08878948539495468,-0.09439226239919662,-0.09223955124616623,0.05388113426081224,0.07955641613382759,0.09484752547600536,0.09111906644356316,0.014587961405225353,0.022833869645192375,0.025110514874051082,0.029655233273484478,0.013127931443054616,0.022179226031078234,0.022730369596462765,0.023603801405120053,204,39.94004076300225,-120.05619954567338,0.7208699409477171,0.322896271944046,-0.06805555522441864,5,12,
00002b619f41a3e4a3f3_1,17.08835042597055,24.248749268525085,8.594375509215043,10.50691386973356,20,1279954800000,1915,1.2666524147524323,1.2204467891758384,1.2781130191956667,1.2893750842451908,0.49113351106643677,0.4902569055557251,0.4969317615032196,0.5046414136886597,0.0659450888633728,0.08011092990636826,0.09749282896518707,0.1131354346871376,0.15002923883588995,0.21486654456106571,0.17570712230546398,0.1600419313214972,0.03249219565175999,0.038574164391503026,0.032892216554178774,0.032062561656523735,0.06119678083846042,0.06731062298613452,0.06224956475140723,0.055964816526591306,204,39.92521856081428,-120.05512156733244,1.1270845313398505,0.4679047167301178,0.04270164668560028,5,30,
00002b619f41a3e4a3f3_2,11.22823116433116,21.745242706697272,7.334141045712012,7.012357181583336,5,1279954800000,1695,0.9854405236580392,1.0011842937134192,1.0574234213395914,1.1023715696280754,0.4175582826137543,0.42852783203125,0.44803252816200256,0.4619583189487457,-0.007485950365662575,-0.005542871076613665,0.012773609720170498,0.027954259887337685,0.1591647381374039,0.1584791802331733,0.2134220910707095,0.2493738126271132,0.04661473757258885,0.0423592041172811,0.06291397121543862,0.07695946773222287,0.05144218178391855,0.04352811130176573,0.06395206168661055,0.07624452623846371,204,39.93141693627471,-120.06805730742376,0.9256891162262005,0.3909390866756439,-0.03456892818212509,5,13,
00002b619f41a3e4a3f3_5,13.088787911451481,26.264633720340953,7.186855822401536,7.175116399095383,23,1279954800000,1485,0.7219725194370505,0.7202496218385234,0.7302682926715841,0.7596560609531249,0.3273751139640808,0.3231085240840912,0.32605570554733276,0.3348396420478821,-0.07544195652008057,-0.07763481140136719,-0.07534267008304596,-0.06432846933603287,0.08290176178892814,0.06919057566900784,0.08358332864699225,0.10444442679811457,0.02703593858487337,0.025788186459191034,0.031190160648462764,0.038782577003460265,0.01955621877667734,0.023775440223266678,0.029418321986037457,0.0403375594264454,204,39.941118741343196,-120.04865369728677,0.8429701765063907,0.3530377745628357,-0.07260800898075104,5,9,
00002b619f41a3e4a3f3_6,9.11816922901923,6.564575558878474,1.629904850565441,2.5116114304992316,349,1279954800000,1792,1.159790912785175,1.1604828377779095,1.172824835801362,1.1832108850767924,0.45587408542633057,0.47020700573921204,0.47484537959098816,0.47869518399238586,0.0473279133439064,0.05455635488033295,0.05535115674138069,0.061700403690338135,0.13694832758369338,0.11371485831307115,0.12455687458661784,0.13442357740396318,0.013943605783718097,0.019903895314983856,0.030226986094673128,0.03628852637171851,0.033370072647931424,0.029961250048208873,0.03354119186207506,0.0481465273426415,204,39.926566033740464,-120.0594334806962,1.0544554455445545,0.4212261140346527,0.03414405882358551,5,18,
00002b619f41a3e4a3f3_7,10.418888996536769,27.020066153054366,11.55006007732282,7.680499751565486,331,1279954800000,1717,0.9931152141116668,1.0294527072585506,1.07766710478788,1.1077673717035248,0.4095081686973572,0.4292282164096832,0.43760761618614197,0.44526106119155884,-0.01778016798198223,0.004862742032855749,0.017383897677063942,0.030520683154463768,0.06579003804737553,0.1215452675792652,0.13490000913509204,0.15207992359629469,0.012436315854841841,0.03197737446084358,0.03976439506822538,0.043185471372056125,0.016921903019005854,0.042698950332653605,0.04997605404410757,0.057701194184836546,204,39.93195592544518,-120.05161813772436,0.950472118296811,0.4052411615848541,-0.038364604115486145,5,27,
00000355b1386027afba_77,15.235946065637709,11.668124498603609,3.669578376253321,7.027881908085163,337,1280041200000,2108,1.2037154169937418,1.2421525800156288,1.2751517264639043,1.2999230339190997,0.5049514770507812,0.513592004776001,0.5235384106636047,0.5318849682807922,0.08520515263080597,0.10506973415613174,0.11754079163074493,0.12967820465564728,0.09776542819365207,0.1328655864683189,0.1520788909311848,0.1500555736434971,0.03129317675187657,0.04938216235120851,0.05221601423253138,0.049784810871042806,0.042061597860335274,0.05764601433158763,0.05681783126851903,0.056461032412993314,205,35.81731259806412,-118.38802806306342,1.1004444444444443,0.4689393937587738,0.04799787700176239,5,36,
00000355b1386027afba_78,3.042734200776486,-1.9559031335614514,-1.6320834511014,0.40884267480676245,256,1280041200000,2324,0.9272084508526148,0.9633432539104172,1.0232754403686912,1.0418353167533956,0.41149279475212097,0.41750645637512207,0.440512090921402,0.4535723924636841,-0.02449239417910576,-0.00425877096131444,0.019647266715765,0.031280890107154846,0.08648812908429032,0.14150629600243317,0.14392353542534134,0.142981709820703,0.017731742096090724,0.05277133515740444,0.05643255539442693,0.05451544459588112,0.031113169237938238,0.05885584139217413,0.06666903080609775,0.06916175557931763,205,35.81704310347889,-118.381829687603,0.9179316888045541,0.4117216169834137,-0.042008452117443085,5,21,
